Workbook

Sheet README
A1: HIT140 FIFA World Cup 2026 — Groups G, H, I Dataset
A3: Research question | B3: Did teams that advanced to the Round of 32 create higher-quality scoring chances than teams eliminated, measured by xG per shot?
A4: Coverage | B4: Groups G, H and I only — 18 group-stage matches / 36 team-match rows / 12 teams.
A5: Primary source | B5: FIFA World Cup 2026 statistics, The Stats Don't Lie World Cup 2026, and FBref; match structure/results cross-checked with FIFA.
A6: Key variables | B6: Attempts at Goal (total shots) and xG (Expected Goals).
A7: Derived metric | B7: xG per shot = xG ÷ Attempts at Goal.
A8: Outcome label | B8: Advanced = appeared in the FIFA Round of 32; otherwise Eliminated.
A9: Important | B9: This is only the G-I portion.
B15: The formula is: xG per shot = xG ÷ Attempts at Goal

Sheet Team-Match Data
A1: Group | B1: Match | C1: Date | D1: Team | E1: Opponent | F1: Attempts at Goal | G1: xG | H1: xG per Shot | I1: Outcome
A2: G | B2: M16 | C2: 2026-06-15 | D2: Belgium | E2: Egypt | F2: 15 | G2: 1.35 | H2: =IFERROR(G2/F2,"") -> 0.09 | I2: Advanced
A3: G | B3: M16 | C3: 2026-06-15 | D3: Egypt | E3: Belgium | F3: 14 | G3: 1.08 | H3: =IFERROR(G3/F3,"") -> 0.077142857 | I3: Advanced
A4: G | B4: M15 | C4: 2026-06-15 | D4: Iran | E4: New Zealand | F4: 17 | G4: 1.5 | H4: =IFERROR(G4/F4,"") -> 0.088235294 | I4: Eliminated
A5: G | B5: M15 | C5: 2026-06-15 | D5: New Zealand | E5: Iran | F5: 14 | G5: 1.24 | H5: =IFERROR(G5/F5,"") -> 0.088571429 | I5: Eliminated
A6: G | B6: M39 | C6: 2026-06-21 | D6: Belgium | E6: Iran | F6: 23 | G6: 1.79 | H6: =IFERROR(G6/F6,"") -> 0.077826087 | I6: Advanced
A7: G | B7: M39 | C7: 2026-06-21 | D7: Iran | E7: Belgium | F7: 7 | G7: 0.62 | H7: =IFERROR(G7/F7,"") -> 0.088571429 | I7: Eliminated | L7: we need two row Because in one match, both teams have different shots and different xG.
A8: G | B8: M40 | C8: 2026-06-21 | D8: New Zealand | E8: Egypt | F8: 11 | G8: 1.24 | H8: =IFERROR(G8/F8,"") -> 0.11272727 | I8: Eliminated
A9: G | B9: M40 | C9: 2026-06-21 | D9: Egypt | E9: New Zealand | F9: 19 | G9: 1.87 | H9: =IFERROR(G9/F9,"") -> 0.098421053 | I9: Advanced
A10: G | B10: M63 | C10: 2026-06-26 | D10: Egypt | E10: Iran | F10: 15 | G10: 0.84 | H10: =IFERROR(G10/F10,"") -> 0.056 | I10: Advanced
A11: G | B11: M63 | C11: 2026-06-26 | D11: Iran | E11: Egypt | F11: 13 | G11: 1.97 | H11: =IFERROR(G11/F11,"") -> 0.15153846 | I11: Eliminated
A12: G | B12: M64 | C12: 2026-06-26 | D12: New Zealand | E12: Belgium | F12: 6 | G12: 0.34 | H12: =IFERROR(G12/F12,"") -> 0.056666667 | I12: Eliminated
A13: G | B13: M64 | C13: 2026-06-26 | D13: Belgium | E13: New Zealand | F13: 35 | G13: 3.65 | H13: =IFERROR(G13/F13,"") -> 0.10428571 | I13: Advanced
A14: H | B14: M14 | C14: 2026-06-15 | D14: Spain | E14: Cape Verde | F14: 27 | G14: 2.1 | H14: =IFERROR(G14/F14,"") -> 0.077777778 | I14: Advanced
A15: H | B15: M14 | C15: 2026-06-15 | D15: Cape Verde | E15: Spain | F15: 6 | G15: 0.2 | H15: =IFERROR(G15/F15,"") -> 0.033333333 | I15: Advanced
A16: H | B16: M13 | C16: 2026-06-15 | D16: Saudi Arabia | E16: Uruguay | F16: 7 | G16: 0.66 | H16: =IFERROR(G16/F16,"") -> 0.094285714 | I16: Eliminated
A17: H | B17: M13 | C17: 2026-06-15 | D17: Uruguay | E17: Saudi Arabia | F17: 27 | G17: 1.72 | H17: =IFERROR(G17/F17,"") -> 0.063703704 | I17: Eliminated
A18: H | B18: M38 | C18: 2026-06-21 | D18: Spain | E18: Saudi Arabia | F18: 22 | G18: 2.85 | H18: =IFERROR(G18/F18,"") -> 0.12954545 | I18: Advanced
A19: H | B19: M38 | C19: 2026-06-21 | D19: Saudi Arabia | E19: Spain | F19: 3 | G19: 0.14 | H19: =IFERROR(G19/F19,"") -> 0.046666667 | I19: Eliminated
... A37: I | B37: M62 | C37: 2026-06-26 | D37: Iraq | E37: Senegal | F37: 6 | G37: 0.14 | H37: =IFERROR(G37/F37,"") -> 0.023333333 | I37: Eliminated

Sheet Team Summary
A1: Team-Level Group-Stage Summary (Groups G-I)
A3: Group | B3: Team | C3: Outcome | D3: Total Attempts | E3: Total xG | F3: xG per Shot | G3: Column1 | I3: Groups G-I preliminary comparison | J3: Value
A4: G | B4: Belgium | C4: Advanced | D4: =SUMIFS('Team-Match Data'!$F$2:$F$37,'Team-Match Data'!$D$2:$D$37,$B4) -> 73 | E4: =SUMIFS('Team-Match Data'!$G$2:$G$37,'Team-Match Data'!$D$2:$D$37,$B4) -> 6.79 | F4: =IFERROR(E4/D4,"") -> 0.093013699 | G4: =IFERROR(F4/E4,"") -> 0.01369863 | I4: Advanced teams | J4: =COUNTIF($C$4:$C$15,"Advanced") -> 7
A5: G | B5: Egypt | C5: Advanced | D5: =SUMIFS('Team-Match Data'!$F$2:$F$37,'Team-Match Data'!$D$2:$D$37,$B5) -> 48 | E5: =SUMIFS('Team-Match Data'!$G$2:$G$37,'Team-Match Data'!$D$2:$D$37,$B5) -> 3.79 | F5: =IFERROR(E5/D5,"") -> 0.078958333 | G5: =IFERROR(F5/E5,"") -> 0.020833333 | I5: Eliminated teams | J5: =COUNTIF($C$4:$C$15,"Eliminated") -> 5
A6: G | B6: Iran | C6: Eliminated | D6: =SUMIFS('Team-Match Data'!$F$2:$F$37,'Team-Match Data'!$D$2:$D$37,$B6) -> 37 | E6: =SUMIFS('Team-Match Data'!$G$2:$G$37,'Team-Match Data'!$D$2:$D$37,$B6) -> 4.09 | F6: =IFERROR(E6/D6,"") -> 0.11054054 | G6: =IFERROR(F6/E6,"") -> 0.027027027 | I6: Mean xG/shot — Advanced | J6: =SUMIF($C$4:$C$15,"Advanced",$F$4:$F$15)/COUNTIF($C$4:$C$15,"Advanced") -> 0.10932173
A7: G | B7: New Zealand | C7: Eliminated | D7: =SUMIFS('Team-Match Data'!$F$2:$F$37,'Team-Match Data'!$D$2:$D$37,$B7) -> 31 | E7: =SUMIFS('Team-Match Data'!$G$2:$G$37,'Team-Match Data'!$D$2:$D$37,$B7) -> 2.82 | F7: =IFERROR(E7/D7,"") -> 0.090967742 | G7: =IFERROR(F7/E7,"") -> 0.032258065 | I7: Mean xG/shot — Eliminated | J7: =SUMIF($C$4:$C$15,"Eliminated",$F$4:$F$15)/COUNTIF($C$4:$C$15,"Eliminated") -> 0.08656016
A8: H | B8: Cape Verde | C8: Advanced | D8: =SUMIFS('Team-Match Data'!$F$2:$F$37,'Team-Match Data'!$D$2:$D$37,$B8) -> 33 | E8: =SUMIFS('Team-Match Data'!$G$2:$G$37,'Team-Match Data'!$D$2:$D$37,$B8) -> 2.47 | F8: =IFERROR(E8/D8,"") -> 0.074848485 | G8: =IFERROR(F8/E8,"") -> 0.03030303 | I8: Difference (Advanced - Eliminated) | J8: =J6-J7 -> 0.022761571
A9: H | B9: Saudi Arabia | C9: Eliminated | D9: =SUMIFS('Team-Match Data'!$F$2:$F$37,'Team-Match Data'!$D$2:$D$37,$B9) -> 17 | E9: =SUMIFS('Team-Match Data'!$G$2:$G$37,'Team-Match Data'!$D$2:$D$37,$B9) -> 1.19 | F9: =IFERROR(E9/D9,"") -> 0.07 | G9: =IFERROR(F9/E9,"") -> 0.058823529
A10: H | B10: Spain | C10: Advanced | D10: =SUMIFS('Team-Match Data'!$F$2:$F$37,'Team-Match Data'!$D$2:$D$37,$B10) -> 55 | E10: =SUMIFS('Team-Match Data'!$G$2:$G$37,'Team-Match Data'!$D$2:$D$37,$B10) -> 5.81 | F10: =IFERROR(E10/D10,"") -> 0.10563636 | G10: =IFERROR(F10/E10,"") -> 0.018181818 | I10: Formula : xG per shot = xG ÷ Attempts at Goal
A11: H | B11: Uruguay | C11: Eliminated | D11: =SUMIFS('Team-Match Data'!$F$2:$F$37,'Team-Match Data'!$D$2:$D$37,$B11) -> 49 | E11: =SUMIFS('Team-Match Data'!$G$2:$G$37,'Team-Match Data'!$D$2:$D$37,$B11) -> 4.24 | F11: =IFERROR(E11/D11,"") -> 0.086530612 | G11: =IFERROR(F11/E11,"") -> 0.020408163
A12: I | B12: France | C12: Advanced | D12: =SUMIFS('Team-Match Data'!$F$2:$F$37,'Team-Match Data'!$D$2:$D$37,$B12) -> 48 | E12: =SUMIFS('Team-Match Data'!$G$2:$G$37,'Team-Match Data'!$D$2:$D$37,$B12) -> 5.96 | F12: =IFERROR(E12/D12,"") -> 0.12416667 | G12: =IFERROR(F12/E12,"") -> 0.020833333
A13: I | B13: Iraq | C13: Eliminated | D13: =SUMIFS('Team-Match Data'!$F$2:$F$37,'Team-Match Data'!$D$2:$D$37,$B13) -> 21 | E13: =SUMIFS('Team-Match Data'!$G$2:$G$37,'Team-Match Data'!$D$2:$D$37,$B13) -> 1.57 | F13: =IFERROR(E13/D13,"") -> 0.074761905 | G13: =IFERROR(F13/E13,"") -> 0.047619048
A14: I | B14: Norway | C14: Advanced | D14: =SUMIFS('Team-Match Data'!$F$2:$F$37,'Team-Match Data'!$D$2:$D$37,$B14) -> 35 | E14: =SUMIFS('Team-Match Data'!$G$2:$G$37,'Team-Match Data'!$D$2:$D$37,$B14) -> 6.42 | F14: =IFERROR(E14/D14,"") -> 0.18342857 | G14: =IFERROR(F14/E14,"") -> 0.028571429
A15: I | B15: Senegal | C15: Advanced | D15: =SUMIFS('Team-Match Data'!$F$2:$F$37,'Team-Match Data'!$D$2:$D$37,$B15) -> 50 | E15: =SUMIFS('Team-Match Data'!$G$2:$G$37,'Team-Match Data'!$D$2:$D$37,$B15) -> 5.26 | F15: =IFERROR(E15/D15,"") -> 0.1052 | G15: =IFERROR(F15/E15,"") -> 0.02
