Workbook

Sheet README
A1: HIT140 FIFA World Cup 2026 — Groups A, B, C Dataset
A3: Research question | B3: Did teams that advanced to the Round of 32 create higher-quality scoring chances than teams eliminated, measured by xG per shot?
A4: Coverage | B4: Groups A, B and C only — 18 group-stage matches / 36 team-match rows / 12 teams.
A5: Primary source | B5: FIFA Training Centre Post-Match Summary Reports (PMSR).
A6: Key variables | B6: Attempts at Goal (total shots) and xG (Expected Goals).
A7: Derived metric | B7: xG per shot = xG ÷ Attempts at Goal.
A8: Outcome label | B8: Advanced = appeared in the FIFA Round of 32; otherwise Eliminated.
A9: Important | B9: This is only the A-C portion.
B15: The formula is: xG per shot = xG ÷ Attempts at Goal

Sheet Team-Match Data
A1: Group | B1: Match | C1: Date | D1: Team | E1: Opponent | F1: Attempts at Goal | G1: xG | H1: xG per Shot | I1: Outcome
A2: A | B2: M01 | C2: 46184 | D2: Mexico | E2: South Africa | F2: 16 | G2: 1.78 | H2: =IFERROR(G2/F2,"") -> 0.11125 | I2: Advanced
A3: A | B3: M01 | C3: 46184 | D3: South Africa | E3: Mexico | F3: 3 | G3: 0.1 | H3: =IFERROR(G3/F3,"") -> 0.033333333 | I3: Advanced
A4: A | B4: M02 | C4: 46184 | D4: Korea Republic | E4: Czechia | F4: 15 | G4: 1.77 | H4: =IFERROR(G4/F4,"") -> 0.118 | I4: Eliminated
A5: A | B5: M02 | C5: 46184 | D5: Czechia | E5: Korea Republic | F5: 7 | G5: 0.64 | H5: =IFERROR(G5/F5,"") -> 0.091428571 | I5: Eliminated
A6: A | B6: M25 | C6: 46191 | D6: Czechia | E6: South Africa | F6: 14 | G6: 1.36 | H6: =IFERROR(G6/F6,"") -> 0.097142857 | I6: Eliminated
A7: A | B7: M25 | C7: 46191 | D7: South Africa | E7: Czechia | F7: 17 | G7: 1.34 | H7: =IFERROR(G7/F7,"") -> 0.078823529 | I7: Advanced | L7: we need two row Because in one match, both teams have different shots and different xG.
A8: A | B8: M28 | C8: 46191 | D8: Mexico | E8: Korea Republic | F8: 8 | G8: 0.34 | H8: =IFERROR(G8/F8,"") -> 0.0425 | I8: Advanced
A9: A | B9: M28 | C9: 46191 | D9: Korea Republic | E9: Mexico | F9: 9 | G9: 0.87 | H9: =IFERROR(G9/F9,"") -> 0.096666667 | I9: Eliminated
A10: A | B10: M53 | C10: 46197 | D10: Czechia | E10: Mexico | F10: 13 | G10: 0.44 | H10: =IFERROR(G10/F10,"") -> 0.033846154 | I10: Eliminated
A11: A | B11: M53 | C11: 46197 | D11: Mexico | E11: Czechia | F11: 11 | G11: 2.1 | H11: =IFERROR(G11/F11,"") -> 0.19090909 | I11: Advanced
A12: A | B12: M54 | C12: 46197 | D12: South Africa | E12: Korea Republic | F12: 13 | G12: 0.89 | H12: =IFERROR(G12/F12,"") -> 0.068461538 | I12: Advanced
A13: A | B13: M54 | C13: 46197 | D13: Korea Republic | E13: South Africa | F13: 8 | G13: 0.74 | H13: =IFERROR(G13/F13,"") -> 0.0925 | I13: Eliminated
A14: B | B14: M03 | C14: 46185 | D14: Canada | E14: Bosnia and Herzegovina | F14: 13 | G14: 1.49 | H14: =IFERROR(G14/F14,"") -> 0.11461538 | I14: Advanced
A15: B | B15: M03 | C15: 46185 | D15: Bosnia and Herzegovina | E15: Canada | F15: 8 | G15: 0.76 | H15: =IFERROR(G15/F15,"") -> 0.095 | I15: Advanced
A16: B | B16: M08 | C16: 46186 | D16: Qatar | E16: Switzerland | F16: 6 | G16: 0.52 | H16: =IFERROR(G16/F16,"") -> 0.086666667 | I16: Eliminated
A17: B | B17: M08 | C17: 46186 | D17: Switzerland | E17: Qatar | F17: 26 | G17: 3.14 | H17: =IFERROR(G17/F17,"") -> 0.12076923 | I17: Advanced
A18: B | B18: M26 | C18: 46191 | D18: Switzerland | E18: Bosnia and Herzegovina | F18: 13 | G18: 1.85 | H18: =IFERROR(G18/F18,"") -> 0.14230769 | I18: Advanced
A19: B | B19: M26 | C19: 46191 | D19: Bosnia and Herzegovina | E19: Switzerland | F19: 5 | G19: 0.3 | H19: =IFERROR(G19/F19,"") -> 0.06 | I19: Advanced
... A37: C | B37: M50 | C37: 46197 | D37: Haiti | E37: Morocco | F37: 9 | G37: 0.65 | H37: =IFERROR(G37/F37,"") -> 0.072222222 | I37: Eliminated

Sheet Team Summary
A1: Team-Level Group-Stage Summary (Groups A-C)
A3: Group | B3: Team | C3: Outcome | D3: Matches | E3: Total Attempts | F3: Total xG | G3: xG per Shot | I3: Groups A-C preliminary comparison | J3: Value
A4: A | B4: Mexico | C4: Advanced | D4: =COUNTIF('Team-Match Data'!$D$2:$D$37,B4) -> 3 | E4: =SUMIF('Team-Match Data'!$D$2:$D$37,B4,'Team-Match Data'!$F$2:$F$37) -> 35 | F4: =SUMIF('Team-Match Data'!$D$2:$D$37,B4,'Team-Match Data'!$G$2:$G$37) -> 4.22 | G4: =IFERROR(F4/E4,"") -> 0.12057143 | I4: Advanced teams | J4: =COUNTIF(C4:C15,"Advanced") -> 7
A5: A | B5: South Africa | C5: Advanced | D5: =COUNTIF('Team-Match Data'!$D$2:$D$37,B5) -> 3 | E5: =SUMIF('Team-Match Data'!$D$2:$D$37,B5,'Team-Match Data'!$F$2:$F$37) -> 33 | F5: =SUMIF('Team-Match Data'!$D$2:$D$37,B5,'Team-Match Data'!$G$2:$G$37) -> 2.33 | G5: =IFERROR(F5/E5,"") -> 0.070606061 | I5: Eliminated teams | J5: =COUNTIF(C4:C15,"Eliminated") -> 5
A6: A | B6: Korea Republic | C6: Eliminated | D6: =COUNTIF('Team-Match Data'!$D$2:$D$37,B6) -> 3 | E6: =SUMIF('Team-Match Data'!$D$2:$D$37,B6,'Team-Match Data'!$F$2:$F$37) -> 32 | F6: =SUMIF('Team-Match Data'!$D$2:$D$37,B6,'Team-Match Data'!$G$2:$G$37) -> 3.38 | G6: =IFERROR(F6/E6,"") -> 0.105625 | I6: Mean xG/shot — Advanced | J6: =SUMIF(C4:C15,"Advanced",G4:G15)/COUNTIF(C4:C15,"Advanced") -> 0.10987332
A7: A | B7: Czechia | C7: Eliminated | D7: =COUNTIF('Team-Match Data'!$D$2:$D$37,B7) -> 3 | E7: =SUMIF('Team-Match Data'!$D$2:$D$37,B7,'Team-Match Data'!$F$2:$F$37) -> 34 | F7: =SUMIF('Team-Match Data'!$D$2:$D$37,B7,'Team-Match Data'!$G$2:$G$37) -> 2.44 | G7: =IFERROR(F7/E7,"") -> 0.071764706 | I7: Mean xG/shot — Eliminated | J7: =SUMIF(C4:C15,"Eliminated",G4:G15)/COUNTIF(C4:C15,"Eliminated") -> 0.084238263
A8: B | B8: Switzerland | C8: Advanced | D8: =COUNTIF('Team-Match Data'!$D$2:$D$37,B8) -> 3 | E8: =SUMIF('Team-Match Data'!$D$2:$D$37,B8,'Team-Match Data'!$F$2:$F$37) -> 45 | F8: =SUMIF('Team-Match Data'!$D$2:$D$37,B8,'Team-Match Data'!$G$2:$G$37) -> 6.67 | G8: =IFERROR(F8/E8,"") -> 0.14822222 | I8: Difference (Advanced - Eliminated) | J8: =J6-J7 -> 0.025635055
A9: B | B9: Canada | C9: Advanced | D9: =COUNTIF('Team-Match Data'!$D$2:$D$37,B9) -> 3 | E9: =SUMIF('Team-Match Data'!$D$2:$D$37,B9,'Team-Match Data'!$F$2:$F$37) -> 59 | F9: =SUMIF('Team-Match Data'!$D$2:$D$37,B9,'Team-Match Data'!$G$2:$G$37) -> 7 | G9: =IFERROR(F9/E9,"") -> 0.11864407
A10: B | B10: Bosnia and Herzegovina | C10: Advanced | D10: =COUNTIF('Team-Match Data'!$D$2:$D$37,B10) -> 3 | E10: =SUMIF('Team-Match Data'!$D$2:$D$37,B10,'Team-Match Data'!$F$2:$F$37) -> 27 | F10: =SUMIF('Team-Match Data'!$D$2:$D$37,B10,'Team-Match Data'!$G$2:$G$37) -> 1.83 | G10: =IFERROR(F10/E10,"") -> 0.067777778 | I10: The formula is: xG per shot = xG ÷ Attempts at Goal
A11: B | B11: Qatar | C11: Eliminated | D11: =COUNTIF('Team-Match Data'!$D$2:$D$37,B11) -> 3 | E11: =SUMIF('Team-Match Data'!$D$2:$D$37,B11,'Team-Match Data'!$F$2:$F$37) -> 17 | F11: =SUMIF('Team-Match Data'!$D$2:$D$37,B11,'Team-Match Data'!$G$2:$G$37) -> 1.89 | G11: =IFERROR(F11/E11,"") -> 0.11117647
A12: C | B12: Brazil | C12: Advanced | D12: =COUNTIF('Team-Match Data'!$D$2:$D$37,B12) -> 3 | E12: =SUMIF('Team-Match Data'!$D$2:$D$37,B12,'Team-Match Data'!$F$2:$F$37) -> 40 | F12: =SUMIF('Team-Match Data'!$D$2:$D$37,B12,'Team-Match Data'!$G$2:$G$37) -> 6.19 | G12: =IFERROR(F12/E12,"") -> 0.15475
A13: C | B13: Morocco | C13: Advanced | D13: =COUNTIF('Team-Match Data'!$D$2:$D$37,B13) -> 3 | E13: =SUMIF('Team-Match Data'!$D$2:$D$37,B13,'Team-Match Data'!$F$2:$F$37) -> 48 | F13: =SUMIF('Team-Match Data'!$D$2:$D$37,B13,'Team-Match Data'!$G$2:$G$37) -> 4.25 | G13: =IFERROR(F13/E13,"") -> 0.088541667
A14: C | B14: Scotland | C14: Eliminated | D14: =COUNTIF('Team-Match Data'!$D$2:$D$37,B14) -> 3 | E14: =SUMIF('Team-Match Data'!$D$2:$D$37,B14,'Team-Match Data'!$F$2:$F$37) -> 29 | F14: =SUMIF('Team-Match Data'!$D$2:$D$37,B14,'Team-Match Data'!$G$2:$G$37) -> 2.34 | G14: =IFERROR(F14/E14,"") -> 0.080689655
A15: C | B15: Haiti | C15: Eliminated | D15: =COUNTIF('Team-Match Data'!$D$2:$D$37,B15) -> 3 | E15: =SUMIF('Team-Match Data'!$D$2:$D$37,B15,'Team-Match Data'!$F$2:$F$37) -> 31 | F15: =SUMIF('Team-Match Data'!$D$2:$D$37,B15,'Team-Match Data'!$G$2:$G$37) -> 1.61 | G15: =IFERROR(F15/E15,"") -> 0.051935484
